age,income,savings,risk_level,investment_amount,duration_months,recommendations
56,104071,43951,Low,9459,54,Bonds
46,16640,10259,Low,3993,22,Fixed Deposit
32,54547,24648,High,6911,16,Gold
60,64620,51729,Low,9388,28,Bonds
25,156389,42971,Medium,19163,112,ETFs
38,125608,19658,Low,604,35,Bonds
56,17564,5869,Low,1721,60,Bonds
36,168417,65166,High,14771,45,Index Funds
40,123824,49563,Medium,10838,46,Mutual Funds
28,89273,27390,Low,11286,72,Index Funds
28,84859,52578,Medium,6873,108,ETFs
41,120017,33658,Medium,3916,55,Mutual Funds
53,133618,7852,Medium,5418,119,ETFs
57,193465,3551,High,817,86,Stocks
41,135341,72947,Low,11776,85,Index Funds
20,39430,34243,High,4534,26,Index Funds
39,37788,22800,Low,17142,104,Index Funds
19,189615,76939,Low,5157,85,Index Funds
41,154991,58828,High,5094,25,Index Funds
61,79346,8239,Medium,4334,105,ETFs
47,106122,7710,Medium,3864,65,ETFs
55,49974,22384,Low,11281,6,Fixed Deposit
19,117309,22038,High,4737,23,Gold
38,26371,9078,Medium,2204,115,ETFs
50,55084,23447,Medium,9547,64,ETFs
29,170701,68821,Low,10774,87,Index Funds
39,192256,38991,Low,19091,43,Bonds
61,71916,7971,High,293,107,Stocks
42,83972,30139,Low,12099,23,Fixed Deposit
44,22984,20909,Medium,3819,96,ETFs
59,43039,12531,Medium,2681,30,Mutual Funds
45,95431,38711,Medium,19049,77,ETFs
33,93691,7530,Medium,2863,107,ETFs
32,68606,12116,High,11090,18,Gold
64,151688,66794,High,6091,87,Stocks
61,112665,1282,Low,391,79,Index Funds
20,115373,2898,Low,831,97,Index Funds
54,191144,5135,Low,2972,21,Fixed Deposit
24,34574,7629,High,3220,57,Index Funds
38,144502,66031,Medium,4880,103,ETFs
26,153748,34380,Low,4277,23,Fixed Deposit
56,151888,18071,Medium,15269,91,ETFs
35,42733,21074,Low,6576,45,Bonds
21,12050,9804,Low,2704,44,Bonds
42,119996,68843,Low,2482,82,Index Funds
31,43933,40901,Low,17015,88,Index Funds
26,34951,12205,Low,6179,115,Index Funds
43,42413,6906,Medium,4416,47,Mutual Funds
19,175873,3591,Low,734,40,Bonds
37,196691,63987,Medium,12096,51,Mutual Funds
45,173985,64370,High,14262,42,Index Funds
64,122573,55400,Low,16486,7,Fixed Deposit
24,181672,26150,Medium,14105,50,Mutual Funds
61,198847,32852,High,8497,48,Index Funds
25,176472,43870,High,12427,84,Stocks
64,145566,53756,High,14494,91,Stocks
52,132744,57481,Medium,2990,6,Bonds
31,99431,2283,Low,1245,91,Index Funds
34,53001,34691,Low,10958,9,Fixed Deposit
53,77364,2125,Medium,195,117,ETFs
57,134988,68065,Low,8126,109,Index Funds
21,55028,27170,Medium,3406,57,Mutual Funds
19,178645,9438,Low,997,31,Bonds
23,141878,21095,High,9377,21,Gold
59,134343,17154,Low,9571,90,Index Funds
21,197710,9004,Medium,770,40,Mutual Funds
46,138301,10752,Medium,7391,112,ETFs
35,136295,56426,High,17989,45,Index Funds
43,170829,27819,Medium,11867,77,ETFs
61,44636,37632,Low,13106,49,Bonds
51,189352,25217,Low,15868,87,Index Funds
27,34262,33125,High,16733,20,Gold
53,90435,33994,Medium,1992,101,ETFs
31,195914,16036,High,3539,118,Stocks
48,138583,78275,Low,2954,117,Index Funds
32,198051,50416,High,11677,92,Stocks
25,179269,10587,Medium,3892,17,Bonds
31,51844,45517,High,11718,28,Index Funds
40,74754,1645,Medium,584,41,Mutual Funds
57,175229,31930,Medium,8335,66,ETFs
38,87129,31090,Low,2718,25,Bonds
33,50042,22953,Low,3263,58,Bonds
62,71665,53142,Low,3042,114,Index Funds
35,126953,27475,Medium,2025,41,Mutual Funds
64,168448,19888,High,3072,6,Gold
41,196626,44732,Medium,11805,75,ETFs
43,155271,47305,Low,10740,38,Bonds
42,128533,47037,Low,11066,6,Fixed Deposit
62,192020,10346,High,1090,45,Index Funds
58,83781,1587,Low,998,75,Index Funds
46,76262,13763,Low,1912,14,Fixed Deposit
32,56600,42945,Low,16035,66,Index Funds
62,86898,70615,High,13245,40,Index Funds
18,159369,37116,Medium,589,3,Bonds
42,40448,21215,Low,11848,119,Index Funds
24,36172,26817,High,19375,117,Stocks
26,183946,26556,Low,3616,99,Index Funds
41,17657,10890,High,3440,97,Stocks
18,166497,19099,Low,6510,24,Fixed Deposit
61,167757,46096,High,153,19,Gold
25,122855,72986,Low,19059,18,Fixed Deposit
41,165650,14230,Medium,11883,64,ETFs
28,169903,30009,Low,17099,113,Index Funds
34,17906,6433,High,5278,116,Stocks
25,71413,34866,Low,6044,88,Index Funds
52,64028,40864,Medium,7504,109,ETFs
52,17287,3326,Low,1054,35,Bonds
50,43660,12439,High,10725,62,Stocks
22,70504,42855,High,1729,1,Gold
59,112979,7416,Medium,2881,100,ETFs
56,44701,7980,High,6959,25,Index Funds
58,93300,56915,Low,8941,45,Bonds
45,158746,19058,Low,10639,49,Bonds
24,93560,77637,Low,12782,107,Index Funds
26,164946,41718,High,3378,98,Stocks
25,53642,33602,Low,19045,89,Index Funds
29,75160,59067,Low,6639,16,Fixed Deposit
51,27602,23433,Low,16854,98,Index Funds
50,113320,2089,Medium,957,93,ETFs
40,98801,38346,High,4986,19,Gold
41,35931,10127,High,7585,23,Gold
54,104377,11487,High,483,83,Stocks
52,39192,1155,Medium,161,25,Mutual Funds
61,56542,2958,High,338,16,Gold
57,137015,77229,Medium,19209,54,Mutual Funds
39,52520,40112,Medium,12326,115,ETFs
44,74772,39547,High,13540,73,Stocks
52,199834,29795,Low,15120,1,Fixed Deposit
18,60106,56296,Low,4351,42,Bonds
52,91121,22447,High,12280,19,Gold
54,35559,26215,High,16240,97,Stocks
64,115595,76330,Medium,1022,34,Mutual Funds
31,43742,34209,High,19399,80,Stocks
20,79669,64278,Medium,8057,108,ETFs
18,162826,56077,High,19530,104,Stocks
22,145044,72906,Low,15896,55,Bonds
43,80831,10528,Low,9266,18,Fixed Deposit
31,122217,51100,High,1330,34,Index Funds
56,51873,45333,Medium,10727,89,ETFs
44,116532,9179,Low,7747,45,Bonds
26,136267,49781,Medium,10106,6,Bonds
32,150975,56267,High,5033,21,Gold
32,144092,24952,High,14395,70,Stocks
43,51755,34160,Low,16477,96,Index Funds
59,95956,51939,High,303,105,Stocks
30,96988,30516,Low,16644,48,Bonds
49,55648,11449,Medium,9060,107,ETFs
56,135991,51290,Low,3848,39,Bonds
49,150588,73954,Low,6818,31,Bonds
21,125005,23746,Medium,19065,106,ETFs
47,12396,3454,Low,1193,10,Fixed Deposit
54,94082,59810,Low,15328,30,Bonds
40,160201,16223,High,4600,116,Stocks
56,138322,73237,Medium,16134,18,Bonds
62,142663,3597,Low,1714,60,Bonds
32,21303,1141,Medium,616,88,ETFs
60,171633,3659,Medium,2975,116,ETFs
46,81719,75567,Low,3291,73,Index Funds
53,109616,16037,High,1937,95,Stocks
30,134165,47738,Medium,789,15,Bonds
49,96231,72678,Low,2203,4,Fixed Deposit
24,17314,13109,Medium,465,63,ETFs
39,29623,23010,High,14110,40,Index Funds
45,115228,9787,High,8192,9,Gold
19,174202,9472,High,4272,109,Stocks
59,192828,24383,Low,15723,9,Fixed Deposit
62,107624,62709,Low,2478,26,Bonds
23,167364,70785,High,17689,4,Gold
45,121785,35518,Low,12131,81,Index Funds
45,96206,54909,High,5769,16,Gold
61,79274,19351,Low,2835,15,Fixed Deposit
61,143541,70624,High,9967,99,Stocks
37,63947,54330,Medium,8590,52,Mutual Funds
47,163606,16282,High,1056,69,Stocks
28,58874,20330,High,9406,119,Stocks
45,59708,43409,Low,6723,5,Fixed Deposit
42,84553,22778,Low,15008,20,Fixed Deposit
56,78344,25264,Low,17958,79,Index Funds
50,59138,6075,Low,4560,18,Fixed Deposit
18,195374,76948,Low,14086,111,Index Funds
44,57638,49454,Low,12738,2,Fixed Deposit
30,88249,29365,Medium,19312,93,ETFs
58,115865,73766,High,2950,13,Gold
20,12719,2531,High,1111,4,Gold
56,163962,79610,High,10798,42,Index Funds
23,177581,53142,Medium,19448,109,ETFs
25,52534,5493,High,4694,74,Stocks
44,102241,51085,Medium,14382,61,ETFs
26,159859,35228,Medium,16385,95,ETFs
54,136209,52875,Medium,14434,105,ETFs
50,189917,32655,High,6744,8,Gold
59,199004,44472,Medium,2950,67,ETFs
61,102124,50437,High,15033,112,Stocks
41,101659,50416,High,265,63,Stocks
32,174134,60711,Low,10801,110,Index Funds
49,85713,7816,Low,1019,9,Fixed Deposit
49,85418,78175,Medium,8405,94,ETFs
41,138232,65307,Medium,19988,117,ETFs
58,175904,47733,High,17475,11,Gold
29,173038,12240,Medium,6147,99,ETFs
56,154059,72363,Medium,3939,101,ETFs
19,178383,33762,High,17742,42,Index Funds
20,41575,9259,Medium,7709,13,Bonds
54,73852,51139,Medium,11718,36,Mutual Funds
34,142079,15849,High,8806,13,Gold
19,86242,55869,High,13619,12,Gold
19,188589,64095,Low,10876,37,Bonds
45,39257,6374,High,167,74,Stocks
40,183279,24567,Low,9888,73,Index Funds
54,154353,36292,Medium,5760,52,Mutual Funds
49,71246,52631,High,4578,71,Stocks
50,11435,6154,High,118,2,Gold
18,101357,67314,High,11022,118,Stocks
36,167732,66087,Medium,3621,56,Mutual Funds
19,146156,30165,Low,672,60,Bonds
61,154579,59929,Medium,7182,23,Bonds
43,93807,68028,Medium,5495,103,ETFs
49,186611,50812,High,15507,40,Index Funds
23,125953,51500,Low,18742,64,Index Funds
49,148563,59643,Medium,11194,103,ETFs
21,191264,45900,High,750,85,Stocks
28,133797,43946,Medium,5841,23,Bonds
34,73888,8851,Medium,6938,29,Mutual Funds
55,83609,17288,High,3362,78,Stocks
41,19077,8156,High,1438,90,Stocks
22,30953,3044,Low,1000,51,Bonds
51,124682,8368,Medium,3734,69,ETFs
23,77889,47403,High,2927,119,Stocks
39,164893,10168,High,5332,95,Stocks
28,178639,50879,Low,2317,89,Index Funds
33,125374,60871,Low,14332,31,Bonds
50,34860,24852,High,14126,50,Index Funds
26,162267,33174,Low,19445,20,Fixed Deposit
23,87475,7581,High,3326,108,Stocks
33,97266,72853,Medium,13978,55,Mutual Funds
46,162499,65046,Low,6937,81,Index Funds
20,110732,50678,Medium,7131,109,ETFs
37,37083,27649,Medium,14906,2,Bonds
53,67372,63259,Medium,3816,25,Mutual Funds
36,133786,15567,High,3514,13,Gold
43,185136,62944,Medium,17932,103,ETFs
20,17813,4740,Medium,670,92,ETFs
36,41598,13466,Medium,3004,106,ETFs
37,103106,29803,High,13388,119,Stocks
49,37082,19230,Medium,1017,70,ETFs
24,39241,18862,Medium,10166,67,ETFs
58,185641,44355,Low,7082,58,Bonds
50,21745,1771,High,292,99,Stocks
57,36029,22909,Medium,18162,82,ETFs
56,154097,31795,Low,17099,75,Index Funds
35,133395,9770,High,7186,118,Stocks
57,155360,12093,High,10769,84,Stocks
18,99186,47571,High,19989,64,Stocks
28,147612,1193,High,503,69,Stocks
45,107768,18569,High,4629,83,Stocks
42,51846,12190,High,1235,86,Stocks
40,85932,63824,Medium,12292,59,Mutual Funds
48,158554,43752,Medium,8666,60,Mutual Funds
47,33411,10302,Medium,7326,83,ETFs
59,192047,41197,Medium,5262,111,ETFs
52,88797,3261,Low,306,62,Index Funds
24,62307,53888,Medium,1419,16,Bonds
33,144165,27512,High,1241,88,Stocks
43,32042,7716,Medium,4727,105,ETFs
19,62930,22259,Medium,14601,68,ETFs
18,185485,29933,High,2790,15,Gold
29,107883,5378,Medium,3355,89,ETFs
22,43756,41583,Medium,5313,108,ETFs
54,63268,47546,Medium,4208,55,Mutual Funds
49,180286,30033,Low,19504,35,Bonds
26,169674,25000,Medium,18341,55,Mutual Funds
58,194403,76868,High,19273,14,Gold
52,58901,43604,High,9902,49,Index Funds
36,109986,69336,Medium,11513,83,ETFs
33,173268,74869,Medium,15095,102,ETFs
20,138386,6410,Medium,5248,100,ETFs
37,15626,2455,High,395,7,Gold
41,148496,57044,High,5121,30,Index Funds
50,22857,6808,Low,4835,83,Index Funds
41,161054,7796,Low,2487,49,Bonds
28,143052,55245,Low,6682,89,Index Funds
25,189362,44056,High,13555,16,Gold
53,36431,18709,Low,13217,111,Index Funds
55,94976,59557,Medium,19050,118,ETFs
57,92711,18543,Medium,17459,104,ETFs
37,36385,30075,High,1362,51,Index Funds
52,179230,17724,Low,7482,72,Index Funds
42,164091,4828,Medium,3427,82,ETFs
52,28639,19352,High,18743,92,Stocks
42,95530,18087,Low,10120,80,Index Funds
46,31563,13605,Medium,1357,116,ETFs
35,180413,32337,Low,16948,83,Index Funds
63,125672,6482,High,5970,42,Index Funds
35,146848,66333,Low,19778,17,Fixed Deposit
19,177516,51952,High,6874,63,Stocks
52,149783,6463,Low,1330,45,Bonds
33,92970,71448,Medium,9176,77,ETFs
58,95553,5648,High,3905,7,Gold
53,171779,34623,High,14815,27,Index Funds
50,180182,60156,High,5850,10,Gold
21,92879,36634,Low,15727,34,Bonds
50,179899,45602,Low,13332,36,Bonds
31,146727,50334,Medium,3235,25,Mutual Funds
38,54859,4112,High,2957,6,Gold
37,194697,23054,High,1646,24,Gold
25,62098,5492,Low,1194,18,Fixed Deposit
24,156323,23207,Low,2511,87,Index Funds
20,132413,22386,Medium,19101,6,Bonds
34,10526,2356,Medium,862,29,Mutual Funds
50,78760,60518,Low,4245,25,Bonds
29,57837,53781,High,2875,55,Index Funds
39,21536,12431,Medium,6728,81,ETFs
39,38541,9210,Low,3255,46,Bonds
63,89083,45363,Low,4070,24,Fixed Deposit
47,192099,79279,High,14219,75,Stocks
55,44531,43092,Low,4431,26,Bonds
55,18712,12531,Low,10395,115,Index Funds
62,114101,73124,Medium,2042,98,ETFs
25,75455,69847,Low,16675,28,Bonds
44,84744,23432,Low,13504,3,Fixed Deposit
44,139749,65089,Medium,961,75,ETFs
51,15109,7246,High,1183,38,Index Funds
38,59268,34755,High,17133,61,Stocks
47,64615,4321,Medium,138,78,ETFs
50,92503,38383,Medium,11903,51,Mutual Funds
45,170831,79682,High,15508,90,Stocks
64,95708,53893,High,17520,48,Index Funds
50,112471,36820,High,16451,21,Gold
22,167661,67262,High,4231,54,Index Funds
36,171087,4760,High,2248,56,Index Funds
21,170081,23190,Medium,12157,103,ETFs
52,93309,68411,Low,11449,94,Index Funds
34,136446,24377,High,11586,59,Index Funds
61,116661,47737,High,5557,72,Stocks
45,167215,70569,Low,6179,51,Bonds
47,16154,6443,Low,4361,20,Fixed Deposit
46,162876,4744,Low,2530,112,Index Funds
63,182760,25995,Low,18363,96,Index Funds
23,74288,17977,Low,12258,86,Index Funds
52,61195,33402,Low,15835,59,Bonds
58,30581,2774,Medium,130,71,ETFs
54,193720,11651,Low,7642,9,Fixed Deposit
41,40087,34703,Low,12398,109,Index Funds
46,191002,79931,Medium,2111,1,Bonds
63,174053,17715,Low,3473,29,Bonds
48,79298,45409,High,10435,63,Stocks
52,56167,25306,High,10792,72,Stocks
50,184480,20086,Low,14627,56,Bonds
38,49499,15376,Medium,12873,118,ETFs
49,135816,62350,High,1389,68,Stocks
40,193341,72425,Medium,1547,35,Mutual Funds
50,179631,37636,High,19683,3,Gold
20,106347,52649,Low,19667,118,Index Funds
35,58787,35610,Medium,14239,109,ETFs
42,45488,11058,Medium,5562,104,ETFs
59,84441,75637,Medium,19700,7,Bonds
48,32431,13497,High,3236,27,Index Funds
20,71681,65200,High,19802,1,Gold
57,132720,47619,High,19266,91,Stocks
63,59153,18154,Low,7757,80,Index Funds
41,16368,4155,High,924,102,Stocks
49,168496,61058,Low,10445,71,Index Funds
64,122360,63068,Medium,8517,44,Mutual Funds
39,186076,78313,Medium,17260,87,ETFs
40,122755,31373,Low,5308,41,Bonds
19,66985,34154,High,787,75,Stocks
44,60069,7031,Low,629,42,Bonds
59,62326,28997,Medium,13323,117,ETFs
19,118737,72975,Medium,8180,33,Mutual Funds
43,164470,23785,Low,18637,50,Bonds
34,60861,14392,High,9586,63,Stocks
57,85897,29669,High,6194,100,Stocks
50,137118,3282,Low,1626,37,Bonds
26,78577,35624,Low,7792,105,Index Funds
60,19078,16670,High,11188,59,Index Funds
56,166075,68534,Medium,3203,81,ETFs
46,72768,32705,Low,2540,99,Index Funds
59,61047,39244,High,7224,48,Index Funds
43,81626,75964,High,17328,5,Gold
52,67660,38437,Medium,14131,48,Mutual Funds
42,190858,78872,Medium,14636,96,ETFs
41,142997,75878,Medium,546,3,Bonds
30,127832,73982,Medium,4015,116,ETFs
24,140406,51583,Medium,15887,47,Mutual Funds
53,135150,39392,Low,19593,62,Index Funds
62,167087,8461,High,1334,99,Stocks
37,43320,35587,Low,6687,116,Index Funds
18,74881,11516,Low,326,14,Fixed Deposit
25,100827,18514,Low,11251,63,Index Funds
63,112215,37268,Low,5658,112,Index Funds
33,167361,37788,Low,12071,61,Index Funds
31,144461,76749,Medium,286,31,Mutual Funds
29,166755,62049,Medium,14780,95,ETFs
40,154701,63493,High,14659,17,Gold
32,71550,37027,Low,11169,24,Fixed Deposit
45,34826,29011,High,2635,116,Stocks
51,110734,43849,Medium,2032,23,Bonds
19,167702,18858,Medium,2132,82,ETFs
49,187235,53395,Medium,1352,50,Mutual Funds
40,108511,40758,Low,5609,118,Index Funds
39,21653,4134,Low,1078,78,Index Funds
42,169033,16434,Medium,14000,114,ETFs
39,91941,65047,High,14623,79,Stocks
39,43662,11233,High,1981,79,Stocks
59,108818,67677,Medium,369,70,ETFs
23,197518,46734,High,1730,27,Index Funds
32,162360,41603,Medium,18058,15,Bonds
60,105081,77708,High,13483,50,Index Funds
54,46877,17390,Medium,16252,36,Mutual Funds
50,121562,69803,High,11184,119,Stocks
25,156385,40332,Low,1795,8,Fixed Deposit
61,82715,22312,Medium,19742,79,ETFs
61,151398,45179,Medium,14921,3,Bonds
22,120091,72442,High,3362,62,Stocks
56,142632,41379,Medium,1545,47,Mutual Funds
21,89148,18297,Medium,16536,77,ETFs
23,93186,3011,Medium,1857,105,ETFs
62,167817,45014,Low,18150,98,Index Funds
49,172962,12738,Low,7001,88,Index Funds
47,161094,48498,High,19269,104,Stocks
64,133629,12120,Low,819,96,Index Funds
52,193651,9767,High,8697,61,Stocks
57,80316,23852,Low,6955,32,Bonds
33,38380,14703,High,2394,94,Stocks
30,120198,1929,Low,171,116,Index Funds
59,12356,4699,Low,2153,113,Index Funds
47,80326,18438,High,11974,13,Gold
36,102447,49515,Medium,14179,1,Bonds
34,124994,6744,Medium,798,34,Mutual Funds
36,30049,19284,Low,7343,62,Index Funds
45,115361,43417,High,9118,79,Stocks
43,26082,7980,Medium,6018,108,ETFs
54,10661,8069,High,448,78,Stocks
43,178484,43359,Medium,12200,93,ETFs
40,12920,4415,High,3873,98,Stocks
26,89561,71188,Low,16791,82,Index Funds
29,18946,10370,High,3516,118,Stocks
18,186572,8597,Medium,5346,71,ETFs
18,26309,15325,Low,14348,93,Index Funds
64,65230,38226,High,4920,119,Stocks
51,121822,73127,Medium,11101,31,Mutual Funds
49,171099,78362,Low,14007,64,Index Funds
42,122340,27417,High,11769,25,Index Funds
57,69321,19693,Medium,16016,38,Mutual Funds
62,142028,54161,High,10978,14,Gold
18,84131,3169,High,375,8,Gold
33,188980,23052,Low,19031,91,Index Funds
56,35963,7313,Low,2864,54,Bonds
22,111757,74851,Medium,436,2,Bonds
39,180515,9036,Low,3079,81,Index Funds
46,109259,32778,Medium,12868,101,ETFs
20,49063,28734,High,4068,78,Stocks
29,124225,24173,High,1010,89,Stocks
43,126400,31403,Medium,18480,56,Mutual Funds
33,90818,67321,High,15732,94,Stocks
54,14703,7139,Low,3229,93,Index Funds
39,82099,7344,High,5547,84,Stocks
46,166921,19800,Low,6229,85,Index Funds
31,172932,26372,Medium,5950,61,ETFs
45,41585,21538,Medium,7546,117,ETFs
22,163087,64918,High,12049,22,Gold
64,53585,15973,High,8619,35,Index Funds
47,36958,6619,Low,1899,101,Index Funds
63,36017,28716,Low,414,16,Fixed Deposit
22,134677,4236,High,3645,50,Index Funds
29,186422,16848,High,1234,113,Stocks
33,153273,3352,Medium,2846,43,Mutual Funds
43,39426,2932,Medium,880,17,Bonds
43,27778,11913,Medium,8202,80,ETFs
38,186313,9556,High,8447,58,Index Funds
56,52229,22300,High,5692,119,Stocks
53,96652,6498,High,1824,2,Gold
50,138267,77118,Medium,19827,4,Bonds
47,189436,51098,High,17370,85,Stocks
54,136503,65386,Low,11097,39,Bonds
40,94878,10569,High,821,98,Stocks
27,67056,51591,High,9204,94,Stocks
22,168562,57882,High,19841,6,Gold
53,29975,5857,High,970,81,Stocks
51,167795,1340,High,112,103,Stocks
48,164351,44949,Low,6851,89,Index Funds
27,152633,63443,Low,16981,69,Index Funds
36,98397,75027,High,1856,69,Stocks
49,190225,1138,Medium,337,20,Bonds
18,43142,1358,High,193,64,Stocks
22,36916,10714,High,2928,16,Gold
62,74324,31654,High,15096,51,Index Funds
21,186037,26879,Medium,18131,105,ETFs
33,135932,56778,Medium,13978,37,Mutual Funds
41,145720,38772,Medium,7092,104,ETFs
33,176205,59478,Low,13878,73,Index Funds
19,191749,65353,Medium,6871,69,ETFs
45,106059,27762,Low,16626,42,Bonds
49,108317,14283,Low,13612,57,Bonds
44,45046,40420,Medium,19245,66,ETFs
37,188136,56568,Medium,3535,9,Bonds
41,111459,21219,Medium,6722,107,ETFs
29,55893,35919,Low,12952,100,Index Funds
52,111520,75965,High,14906,86,Stocks
50,135818,47840,Medium,10723,64,ETFs
50,71272,45695,Medium,1948,86,ETFs
60,77649,59342,Medium,2796,22,Bonds
54,74674,19951,Low,1817,34,Bonds
29,154832,2307,Low,1490,55,Bonds
20,162999,36428,High,19556,29,Index Funds
18,96475,76774,Medium,9359,38,Mutual Funds
50,71367,39975,Low,2886,110,Index Funds
57,153660,2140,High,1221,97,Stocks
27,131750,25842,Medium,3891,18,Bonds
60,128154,27421,Low,3971,71,Index Funds
61,193305,2708,Medium,1906,65,ETFs
46,54738,4630,Medium,2287,97,ETFs
30,43397,20595,Low,17988,1,Fixed Deposit
29,92189,77021,Low,19792,88,Index Funds
48,86367,29308,Low,13404,4,Fixed Deposit
63,130585,45789,Medium,18174,4,Bonds
19,86619,56690,Medium,15649,82,ETFs
52,121453,27086,High,3403,27,Index Funds
40,29816,17859,Medium,16161,43,Mutual Funds
34,183312,8684,Low,982,59,Bonds
43,147348,2207,Medium,238,32,Mutual Funds
25,89530,47099,High,15298,33,Index Funds
46,164571,68496,High,17988,28,Index Funds
43,118856,67093,Low,10755,106,Index Funds
27,81635,30689,Low,9024,105,Index Funds
43,117803,49651,High,10040,55,Index Funds
51,45946,14893,High,4024,100,Stocks
58,65204,33272,High,9883,60,Index Funds
24,192958,67418,Low,4585,70,Index Funds
21,25563,5761,High,4537,62,Stocks
62,102324,61011,High,13333,80,Stocks
28,19847,6867,Low,4809,34,Bonds
46,36155,30535,Medium,291,87,ETFs
53,89671,79405,Medium,5017,114,ETFs
42,126891,73702,High,5931,106,Stocks
38,93310,79518,Medium,10260,88,ETFs
53,159381,73805,Medium,13782,56,Mutual Funds
27,141691,59954,Medium,12491,113,ETFs
54,191180,29064,Medium,1974,13,Bonds
26,44707,14527,High,9162,56,Index Funds
41,161409,3454,Medium,767,18,Bonds
52,91537,21878,Medium,10334,54,Mutual Funds
52,188686,52098,Low,9321,77,Index Funds
53,101155,63154,High,11510,113,Stocks
35,10281,3808,Low,2331,101,Index Funds
56,168492,37593,Low,1151,43,Bonds
49,180102,37304,High,12325,39,Index Funds
41,142130,31386,Medium,9865,61,ETFs
40,86260,56220,Low,11482,42,Bonds
49,169476,70338,High,12680,81,Stocks
54,170928,22083,Medium,12089,79,ETFs
29,150272,19354,High,12039,18,Gold
30,74178,23190,Low,18589,23,Fixed Deposit
40,43997,7142,Medium,5488,54,Mutual Funds
42,166683,29398,Medium,407,115,ETFs
52,129273,52971,High,3459,30,Index Funds
58,182307,42862,Medium,3276,98,ETFs
47,176129,54410,Low,1351,58,Bonds
34,142311,20503,Low,5466,68,Index Funds
37,136945,49456,Low,18001,67,Index Funds
42,55272,35631,High,6326,71,Stocks
39,99393,9016,Medium,5405,18,Bonds
30,71212,3384,Medium,2399,106,ETFs
36,156470,63320,Medium,14430,7,Bonds
53,130030,16072,Low,4991,40,Bonds
29,66503,37703,Medium,5092,70,ETFs
58,147710,41510,Low,2061,86,Index Funds
36,16570,6442,Medium,4405,65,ETFs
29,78785,69026,Low,19347,68,Index Funds
26,19110,14324,Medium,10948,110,ETFs
24,89141,26518,High,13355,49,Index Funds
45,22115,19108,High,4667,52,Index Funds
31,49062,27910,Low,16179,114,Index Funds
48,32911,25566,Low,6613,107,Index Funds
36,114061,52919,Medium,15335,29,Mutual Funds
64,42556,34905,Medium,11855,21,Bonds
33,138335,28103,High,11251,90,Stocks
22,11969,5117,Medium,283,78,ETFs
52,53753,37188,Low,3458,9,Fixed Deposit
29,145542,6845,Low,1498,47,Bonds
42,131863,37674,Low,11088,76,Index Funds
38,20225,13413,Low,8828,42,Bonds
53,133008,1276,Low,610,51,Bonds
40,164268,52151,High,5798,56,Index Funds
33,115823,18611,High,1373,51,Index Funds
56,23669,7337,Low,3067,70,Index Funds
62,178452,12944,Medium,6753,20,Bonds
59,134398,53887,Low,11341,88,Index Funds
56,120677,50847,High,17580,27,Index Funds
31,58320,21536,Low,9597,38,Bonds
48,188486,57622,High,9207,72,Stocks
22,156649,28810,High,11373,65,Stocks
52,135354,78842,Low,8102,54,Bonds
40,98009,11503,Low,4347,113,Index Funds
46,196481,37976,Medium,9320,113,ETFs
60,38625,12590,High,5414,24,Gold
28,34089,26117,Medium,19838,47,Mutual Funds
35,46487,11886,Low,10803,71,Index Funds
64,120448,13866,High,370,83,Stocks
29,60138,2088,Medium,1286,86,ETFs
26,183895,69899,Medium,12492,63,ETFs
27,178280,33792,Medium,12056,57,Mutual Funds
61,64061,10764,Low,6405,55,Bonds
34,171731,43727,Low,18882,60,Bonds
55,111376,79471,Low,12821,99,Index Funds
24,172962,9068,High,7095,62,Stocks
63,89134,8295,Low,4335,30,Bonds
30,57055,42160,High,13882,93,Stocks
57,29508,12390,Medium,7399,22,Bonds
59,183359,21131,Medium,2330,75,ETFs
26,168056,76969,Low,6611,84,Index Funds
44,120169,16038,Medium,228,29,Mutual Funds
19,18125,4175,Low,1369,115,Index Funds
22,46059,29182,High,4865,41,Index Funds
46,113409,78064,Medium,13372,42,Mutual Funds
54,158159,22281,Low,5652,98,Index Funds
55,15704,6037,Medium,727,65,ETFs
36,121279,49511,Medium,12089,31,Mutual Funds
25,168280,9605,Low,6689,30,Bonds
62,128516,2381,Medium,1604,112,ETFs
18,180954,67634,Medium,13271,18,Bonds
39,166995,20810,Medium,18825,119,ETFs
34,124044,25322,Medium,5984,17,Bonds
24,39165,33955,High,8285,38,Index Funds
42,77203,62388,Medium,349,14,Bonds
62,14114,12948,Medium,3025,87,ETFs
21,46321,11207,Low,5143,89,Index Funds
53,83297,68628,High,17458,79,Stocks
23,106652,29220,Low,9275,110,Index Funds
48,109304,75085,Low,16360,56,Bonds
36,166498,23031,Low,2772,22,Fixed Deposit
61,27772,6185,High,5070,67,Stocks
56,113754,72312,Low,7379,56,Bonds
44,13712,11614,Low,7631,119,Index Funds
27,142439,13449,Low,9618,19,Fixed Deposit
43,125142,57699,Medium,8762,57,Mutual Funds
36,101736,47092,Low,2087,44,Bonds
56,61924,11350,High,190,98,Stocks
20,13726,3555,High,629,35,Index Funds
62,99152,69487,Medium,13048,114,ETFs
30,37723,18622,High,13126,1,Gold
45,136969,71263,High,2873,52,Index Funds
37,110494,54117,Medium,13259,85,ETFs
45,150180,59394,Low,9978,93,Index Funds
25,45643,37469,Medium,10278,70,ETFs
58,172396,24782,Low,10477,37,Bonds
56,113896,29454,Low,7447,65,Index Funds
18,149999,68904,High,1108,51,Index Funds
20,103680,16592,Medium,3883,1,Bonds
30,106546,23173,High,4398,91,Stocks
45,163515,34204,High,4768,21,Gold
42,89973,36596,Low,2152,53,Bonds
50,73449,35324,High,1816,16,Gold
55,119834,62202,Medium,410,108,ETFs
23,35537,24864,High,14491,61,Stocks
61,87576,31750,High,1360,54,Index Funds
62,117522,77112,Low,13257,40,Bonds
49,32612,17566,Medium,11560,26,Mutual Funds
62,16471,8190,High,684,80,Stocks
64,176703,39333,Low,14111,92,Index Funds
38,41348,16369,High,2966,65,Stocks
33,11177,8651,Medium,6273,100,ETFs
38,145832,2589,High,1902,74,Stocks
28,42779,26235,High,18495,64,Stocks
54,31636,1159,Low,207,43,Bonds
53,91889,13145,High,5039,17,Gold
52,63551,16373,Low,4106,59,Bonds
36,152628,32921,Medium,1725,23,Bonds
37,168670,17237,High,11056,7,Gold
35,152635,9244,Medium,990,44,Mutual Funds
64,56819,15743,Medium,14379,53,Mutual Funds
58,83770,47101,High,6178,71,Stocks
31,168038,57378,Low,9023,108,Index Funds
32,168059,72126,Medium,4061,79,ETFs
48,88714,57071,Medium,18988,34,Mutual Funds
18,199420,72121,High,8906,46,Index Funds
20,34596,10227,High,3906,109,Stocks
33,174246,13237,High,6200,68,Stocks
40,74106,16649,High,1819,78,Stocks
28,69182,38713,High,13658,78,Stocks
29,97163,74463,High,6786,16,Gold
27,49310,46409,Low,1687,71,Index Funds
49,66088,49766,Medium,9903,96,ETFs
33,138803,47154,Low,17380,19,Fixed Deposit
25,149978,8016,Low,5658,2,Fixed Deposit
55,46914,15027,High,8569,10,Gold
29,120350,49688,Medium,10450,50,Mutual Funds
41,55379,25142,Low,18916,81,Index Funds
45,178722,55238,High,11554,101,Stocks
25,187953,59608,High,15949,12,Gold
45,56413,24545,Medium,6937,70,ETFs
53,147084,32897,Low,1549,22,Fixed Deposit
43,191187,51961,Low,5554,32,Bonds
25,17151,4167,Low,1332,105,Index Funds
45,67716,45757,High,4217,84,Stocks
45,103747,27917,Medium,8969,1,Bonds
54,177450,23736,Medium,10950,54,Mutual Funds
58,183724,28990,Low,18512,111,Index Funds
53,154539,63551,High,14443,117,Stocks
44,172082,59161,Low,6945,58,Bonds
34,131999,23440,Medium,4724,70,ETFs
26,124793,36205,High,8948,83,Stocks
50,195763,56103,Low,16649,18,Fixed Deposit
37,118177,71812,Low,13236,6,Fixed Deposit
30,22289,9859,High,4691,45,Index Funds
45,186048,20008,Medium,689,97,ETFs
46,184668,72274,High,19305,23,Gold
30,164243,33402,Low,6609,23,Fixed Deposit
63,96365,54384,Low,7793,26,Bonds
52,124014,6793,Low,1362,77,Index Funds
23,185211,6571,Low,171,7,Fixed Deposit
35,189785,17209,Medium,11808,79,ETFs
22,170806,44148,Medium,13042,44,Mutual Funds
64,82588,3224,Low,368,27,Bonds
42,73646,49695,Medium,10068,26,Mutual Funds
19,13654,7091,Medium,2562,97,ETFs
27,28743,12684,Medium,9560,79,ETFs
47,58368,44408,Low,1115,36,Bonds
62,147513,33441,High,9375,109,Stocks
22,129735,40129,High,13369,55,Index Funds
50,165683,63368,High,506,64,Stocks
18,129891,45760,Low,7484,91,Index Funds
35,117971,24478,Medium,11368,57,Mutual Funds
49,22149,7318,Medium,1085,69,ETFs
64,110102,13180,Low,11895,61,Index Funds
28,69189,16372,Low,4585,2,Fixed Deposit
38,162747,30796,High,9001,55,Index Funds
43,81031,59272,High,2718,97,Stocks
42,52668,25427,Low,9703,80,Index Funds
39,154745,55040,High,7028,87,Stocks
44,98204,76357,Medium,5468,38,Mutual Funds
30,164741,72368,Low,4721,119,Index Funds
50,175140,79356,Low,14819,80,Index Funds
51,150507,17211,Medium,11226,78,ETFs
58,193321,6842,Medium,4214,29,Mutual Funds
52,47384,2316,Medium,674,26,Mutual Funds
18,91929,46968,High,15186,35,Index Funds
38,137959,18508,Low,17487,79,Index Funds
23,86153,23005,High,18950,67,Stocks
45,85388,55575,Medium,18423,87,ETFs
34,41401,16206,High,1735,29,Index Funds
22,129503,19971,Medium,9990,34,Mutual Funds
48,137834,26599,High,8195,97,Stocks
22,44084,23056,High,12819,41,Index Funds
55,120641,67914,Medium,10383,41,Mutual Funds
20,115111,68055,High,18379,23,Gold
40,196898,6355,Low,5536,71,Index Funds
54,177523,55120,High,14798,3,Gold
54,148299,75619,High,17557,58,Index Funds
27,172982,39342,Low,5284,32,Bonds
27,46041,21456,Medium,2502,31,Mutual Funds
36,98920,79860,Low,4995,82,Index Funds
34,75681,3257,High,1251,43,Index Funds
38,91571,28364,Medium,10737,7,Bonds
31,137556,25972,High,2056,105,Stocks
26,36160,27654,High,7123,1,Gold
63,27633,16233,Low,12850,61,Index Funds
18,27014,16887,Low,14162,14,Fixed Deposit
62,90532,30320,Medium,14433,52,Mutual Funds
30,59104,21808,Medium,4007,96,ETFs
21,182693,53389,Medium,907,6,Bonds
18,87231,35773,High,14131,103,Stocks
57,78388,52168,Low,4927,10,Fixed Deposit
49,26014,11860,Low,4624,71,Index Funds
51,102578,58505,Low,15293,90,Index Funds
45,174827,19135,Medium,16323,98,ETFs
48,50390,26351,Low,18768,30,Bonds
25,33711,24814,Low,5413,100,Index Funds
56,101658,48377,Low,13698,21,Fixed Deposit
43,67993,24554,Medium,13158,60,Mutual Funds
51,168285,63491,Low,17241,81,Index Funds
20,198856,56621,Medium,4987,97,ETFs
29,17421,10131,Low,3954,74,Index Funds
18,27727,20604,Low,12558,115,Index Funds
61,122418,17923,Low,14636,63,Index Funds
22,14358,2461,Medium,1610,111,ETFs
47,75108,55336,Medium,9872,42,Mutual Funds
47,104018,75083,Low,17445,51,Bonds
34,134457,61948,High,3675,64,Stocks
64,173189,34002,Medium,2518,76,ETFs
40,41910,15562,Medium,4298,56,Mutual Funds
32,136888,74016,Low,1101,80,Index Funds
54,65754,27672,High,7219,41,Index Funds
38,119847,5213,Low,4166,32,Bonds
31,170443,11293,Medium,2945,15,Bonds
19,192573,56860,Medium,9773,62,ETFs
28,48467,3100,Low,757,27,Bonds
56,158697,62997,Low,5416,28,Bonds
55,43893,29172,High,16344,81,Stocks
51,86329,21132,High,16906,64,Stocks
55,41007,19199,Medium,11973,110,ETFs
51,180604,37609,High,4366,59,Index Funds
35,64253,43965,High,7649,114,Stocks
47,22323,9016,Medium,6416,58,Mutual Funds
32,121335,40779,Medium,19194,2,Bonds
44,122356,32881,Medium,10689,36,Mutual Funds
51,120944,25472,Medium,1757,114,ETFs
55,155282,52813,Low,19025,71,Index Funds
50,26456,3064,Medium,2153,13,Bonds
41,41367,37021,Medium,8579,15,Bonds
32,64624,55131,Medium,5837,89,ETFs
47,151178,25087,High,19701,87,Stocks
59,78008,13828,Medium,12146,60,Mutual Funds
34,135926,62610,Low,17931,22,Fixed Deposit
22,125395,2401,Low,707,63,Index Funds
46,126492,16193,Medium,4652,90,ETFs
21,82240,45864,Low,18248,97,Index Funds
27,74315,21307,High,9517,75,Stocks
34,20756,5214,Medium,1335,74,ETFs
27,46378,20611,Low,9321,25,Bonds
34,145327,44791,Low,2771,101,Index Funds
37,155556,12950,Medium,6619,48,Mutual Funds
41,135703,77240,Low,4062,43,Bonds
22,66549,44111,Medium,12834,117,ETFs
51,175575,78403,Low,13222,38,Bonds
23,83794,3745,High,910,41,Index Funds
19,55113,4866,Low,1575,45,Bonds
30,84069,33245,Low,11188,88,Index Funds
60,146321,45724,Medium,908,40,Mutual Funds
60,160273,72354,Low,9270,110,Index Funds
28,135541,52374,Medium,16360,97,ETFs
64,199648,31116,High,17209,17,Gold
40,19686,16493,Medium,15963,88,ETFs
33,63363,29038,Medium,10793,101,ETFs
48,107543,21447,Low,7801,57,Bonds
28,141733,31431,High,17700,2,Gold
33,185915,18908,Medium,14291,96,ETFs
25,105673,30336,Low,19290,62,Index Funds
21,52828,41992,Low,17456,88,Index Funds
57,58604,56350,Medium,13804,9,Bonds
21,20526,5025,Low,2223,68,Index Funds
42,78910,52955,Medium,11633,81,ETFs
20,35592,21093,Medium,16708,17,Bonds
49,38982,7155,Medium,5749,117,ETFs
20,10207,1719,High,212,50,Index Funds
44,98733,56668,Medium,14686,112,ETFs
46,134982,21963,Low,1914,94,Index Funds
49,78619,51124,High,13101,40,Index Funds
36,170400,53870,Low,17590,58,Bonds
38,56479,54554,High,16608,75,Stocks
22,161175,21936,High,19730,85,Stocks
35,180963,5426,High,3031,21,Gold
45,151826,28606,High,13667,18,Gold
59,91437,48832,Low,14138,55,Bonds
39,108540,29151,Medium,12417,29,Mutual Funds
38,82982,12308,Low,3071,24,Fixed Deposit
23,112747,63522,Medium,2117,74,ETFs
18,196994,46671,Low,2515,109,Index Funds
22,58231,25770,High,19580,17,Gold
58,39301,29572,High,1709,18,Gold
29,182395,3204,Medium,817,42,Mutual Funds
43,28752,22729,Medium,12762,112,ETFs
63,108452,32131,Low,6882,84,Index Funds
51,154467,53428,Medium,1148,101,ETFs
31,131237,34870,Low,11718,45,Bonds
43,66273,39011,Medium,8407,82,ETFs
62,101878,50067,Medium,8005,17,Bonds
44,14895,10433,Medium,5678,73,ETFs
26,129968,22607,High,13934,14,Gold
43,125700,25968,High,18104,49,Index Funds
64,86559,12908,Low,6648,29,Bonds
39,20699,11847,Medium,7481,95,ETFs
64,19715,10171,Low,4880,4,Fixed Deposit
47,29169,13721,Medium,11242,82,ETFs
60,128413,62215,High,3041,20,Gold
34,157235,56835,High,5795,47,Index Funds
43,129264,50429,Medium,6501,107,ETFs
53,15782,1232,Medium,220,108,ETFs
18,134481,39458,High,13197,9,Gold
25,45585,8659,High,1077,77,Stocks
52,40682,12704,Low,6297,79,Index Funds
32,188936,33793,High,5550,27,Index Funds
64,139992,47473,Medium,18037,15,Bonds
39,94416,56751,Low,17496,92,Index Funds
31,196186,79915,Medium,8478,101,ETFs
43,137810,55254,Low,1981,119,Index Funds
45,48067,8006,Medium,6899,19,Bonds
40,183757,75218,High,14697,90,Stocks
31,28073,2072,Medium,1052,52,Mutual Funds
41,46035,33430,Low,13775,26,Bonds
19,100373,24091,Medium,4686,89,ETFs
62,93362,33983,Low,8530,26,Bonds
43,100517,24989,Medium,2445,26,Mutual Funds
31,75450,19990,High,16559,46,Index Funds
24,20382,15824,High,9648,92,Stocks
20,145509,37081,Medium,5977,49,Mutual Funds
64,71929,12033,Medium,6885,82,ETFs
40,108864,17241,Medium,15933,96,ETFs
63,153401,6939,Low,5022,53,Bonds
60,35169,12185,Medium,8190,3,Bonds
64,97468,28045,Medium,18814,66,ETFs
62,44594,20167,Low,4786,97,Index Funds
35,55033,37412,High,14507,42,Index Funds
55,73133,22625,Medium,18386,19,Bonds
52,83861,28076,Medium,12305,17,Bonds
32,193362,65805,High,13279,108,Stocks
42,41750,20029,High,18543,33,Index Funds
54,50461,23973,Low,16624,76,Index Funds
45,88222,40121,Medium,18273,49,Mutual Funds
27,122020,66101,Medium,116,56,Mutual Funds
56,34226,32433,Low,13474,63,Index Funds
34,16721,11541,High,564,3,Gold
56,197226,68468,Low,18311,107,Index Funds
39,30609,12486,High,11320,49,Index Funds
43,193202,68293,Low,6056,55,Bonds
61,140513,38853,High,16573,26,Index Funds
42,114211,39405,Low,4915,99,Index Funds
34,196321,67652,High,19335,72,Stocks
30,189967,44527,High,2943,52,Index Funds
37,146728,78227,High,16072,100,Stocks
42,134865,1492,High,762,117,Stocks
21,84520,9811,High,6643,118,Stocks
27,74309,25272,Medium,17453,7,Bonds
20,39984,29399,High,1194,46,Index Funds
58,128947,73010,Medium,6224,46,Mutual Funds
62,15901,11572,High,7447,100,Stocks
35,172624,48153,Medium,19679,16,Bonds
64,41055,14979,Medium,1504,24,Bonds
53,178757,29328,Low,4082,61,Index Funds
64,155788,13867,High,12615,54,Index Funds
39,124099,60234,Low,15890,62,Index Funds
51,21138,20127,Low,12305,1,Fixed Deposit
64,176370,74402,High,12848,49,Index Funds
25,192184,16449,Low,4813,25,Bonds
57,33429,11685,High,3192,10,Gold
61,60200,24544,Low,14071,118,Index Funds
36,189316,6451,High,5033,80,Stocks
59,111268,42316,High,5026,16,Gold
58,27347,8186,High,1287,58,Index Funds
54,157992,39870,Medium,4069,72,ETFs
23,41822,32030,Low,3065,29,Bonds
43,187731,31873,Medium,4419,103,ETFs
51,50108,1619,Low,883,92,Index Funds
62,138955,26372,Low,7208,6,Fixed Deposit
23,17967,4642,Low,1049,16,Fixed Deposit
54,120719,29001,Medium,16528,20,Bonds
50,21871,2296,Low,570,80,Index Funds
39,174685,15122,Medium,10373,71,ETFs
38,38179,25820,High,9121,105,Stocks
23,193260,69431,Low,18393,78,Index Funds
23,65099,56745,Low,6464,43,Bonds
21,45262,6366,High,2681,26,Index Funds
47,88213,9711,High,791,90,Stocks
28,127407,19793,Low,1031,78,Index Funds
47,159340,9199,High,8010,71,Stocks
48,96269,77253,Medium,14326,33,Mutual Funds
41,70545,37191,Medium,13961,26,Mutual Funds
26,49922,11211,Low,6482,45,Bonds
20,52913,46550,Medium,3506,84,ETFs
48,107033,64069,Medium,8439,63,ETFs
57,114792,57746,Low,17516,67,Index Funds
54,196749,22542,High,17795,52,Index Funds
53,190913,32312,Low,8679,68,Index Funds
41,187404,46242,Medium,3221,26,Mutual Funds
48,129863,56388,Low,18357,75,Index Funds
23,166104,28691,Low,16046,2,Fixed Deposit
19,178918,78960,Medium,3848,14,Bonds
37,54936,19852,Medium,377,108,ETFs
45,170866,23601,Low,18343,30,Bonds
28,191403,19020,Medium,11663,49,Mutual Funds
21,38141,9155,Medium,6029,12,Bonds
32,150146,70119,Medium,6892,90,ETFs
23,147478,37777,Medium,14018,44,Mutual Funds
47,107359,20710,Medium,10474,33,Mutual Funds
55,133279,25532,Medium,4775,13,Bonds
19,164363,19601,High,1270,78,Stocks
32,51568,5967,Low,589,88,Index Funds
28,107539,21022,Medium,10817,98,ETFs
25,56851,44463,Low,12550,108,Index Funds
43,64823,10135,High,5408,26,Index Funds
62,33312,6722,Medium,2562,21,Bonds
61,184180,28413,Low,13750,28,Bonds
22,175243,67732,Medium,387,48,Mutual Funds
23,182851,13297,Medium,6053,100,ETFs
43,108723,69323,Medium,18391,40,Mutual Funds
21,22411,8927,Medium,1261,66,ETFs
36,67009,20702,Medium,16613,106,ETFs
37,156494,26242,Medium,2463,73,ETFs
50,183540,56841,Medium,6083,87,ETFs
37,42371,3176,High,243,79,Stocks
29,67022,21127,High,8307,77,Stocks
64,81229,54574,Medium,14858,23,Bonds
18,109071,29482,Medium,344,81,ETFs
43,192268,10171,High,1026,48,Index Funds
31,106774,4696,High,3278,2,Gold
55,36715,21058,High,2276,84,Stocks
54,37605,21313,Medium,5102,20,Bonds
28,109853,20149,Low,986,59,Bonds
53,41174,5956,Low,440,46,Bonds
30,151028,76731,Low,19882,3,Fixed Deposit
60,86373,67641,Low,13821,55,Bonds
20,79252,64811,Medium,12242,12,Bonds
50,80017,53160,Low,2754,40,Bonds
23,73037,52313,High,12084,66,Stocks
27,99818,64232,High,17855,100,Stocks
22,16548,9345,Low,7235,78,Index Funds
40,126981,31099,High,420,16,Gold
27,164249,30961,Medium,4754,83,ETFs
61,34022,13602,Low,12351,34,Bonds
19,116297,10256,Low,5400,44,Bonds
30,146614,35681,Medium,16231,110,ETFs
57,70428,65789,High,10870,6,Gold
19,163812,44361,Medium,6653,77,ETFs
37,69353,65503,Medium,11659,64,ETFs
18,123132,35540,High,9109,100,Stocks
54,197604,27536,Medium,13582,22,Bonds
26,26052,20164,High,7598,18,Gold
34,110689,64043,High,6736,12,Gold
26,188148,79532,Medium,7462,52,Mutual Funds
28,194492,57575,High,16495,118,Stocks
32,141743,3871,Medium,294,94,ETFs
41,10163,6042,High,2637,117,Stocks
55,51424,23626,Low,19326,51,Bonds
52,194816,60979,High,15316,104,Stocks
47,151706,77057,High,18713,71,Stocks
48,145870,67668,Medium,3109,96,ETFs
22,32420,1699,High,755,48,Index Funds
61,130575,43998,Low,14309,19,Fixed Deposit
31,39300,8812,Low,2177,6,Fixed Deposit
28,99881,62844,High,14007,84,Stocks
26,20749,5557,High,3967,27,Index Funds
51,114131,3179,Low,1219,53,Bonds
29,166193,44798,Medium,4973,107,ETFs
52,138563,75601,Low,8735,101,Index Funds
52,47487,9275,Low,397,48,Bonds
18,174433,51574,High,13195,7,Gold
57,31223,16089,High,5956,59,Index Funds
39,82930,21700,Low,9136,69,Index Funds
46,155128,40464,Medium,1115,11,Bonds
25,38380,28794,Low,1484,15,Fixed Deposit
28,36035,29783,Low,8845,64,Index Funds
58,40620,17998,Medium,1360,3,Bonds
54,160949,14869,Low,7801,69,Index Funds
31,196388,61315,Low,10501,23,Fixed Deposit
47,127360,21954,High,15619,53,Index Funds
52,63352,32555,Medium,11964,37,Mutual Funds
38,171983,64353,High,15781,9,Gold
54,173856,46026,High,5643,15,Gold
22,13191,3468,Medium,687,3,Bonds
36,174232,47976,Medium,18365,93,ETFs
31,100536,46095,Low,12588,70,Index Funds
43,114576,15270,High,8813,17,Gold
21,190795,31908,Medium,10179,26,Mutual Funds
42,13631,4607,High,2652,21,Gold
62,147244,11775,High,3909,72,Stocks
59,52080,13265,Medium,5907,21,Bonds
42,100353,62250,Low,7306,11,Fixed Deposit
35,161353,17673,High,13846,38,Index Funds
57,38671,28056,Medium,16095,72,ETFs
25,132811,7614,Low,3579,106,Index Funds
56,192503,8415,High,6233,88,Stocks
57,137734,44884,Medium,13310,35,Mutual Funds
31,169674,17964,High,5297,119,Stocks
49,61399,38726,Medium,15653,14,Bonds
55,164544,38044,Medium,7552,119,ETFs
50,190302,58149,High,8818,14,Gold
40,17099,5776,High,2760,10,Gold
32,166503,50976,Medium,2272,12,Bonds
50,66492,33252,Low,13258,38,Bonds
42,106722,4832,High,379,108,Stocks
34,188756,35148,Medium,19153,119,ETFs
50,40111,23918,Medium,11185,110,ETFs
64,73936,54459,Low,4081,34,Bonds
19,163686,39402,Low,5347,41,Bonds
31,183063,58727,Low,10653,10,Fixed Deposit
57,70920,39578,High,6235,17,Gold
57,73530,23318,Medium,5673,17,Bonds
56,177296,76715,Medium,13831,67,ETFs
23,17788,13251,Medium,7289,62,ETFs
23,38082,20493,Low,14641,95,Index Funds
20,133287,21466,Medium,10978,115,ETFs
24,99570,46475,High,11187,1,Gold
25,111015,61142,Low,13767,12,Fixed Deposit
59,93588,27564,Low,2876,103,Index Funds
32,157603,23412,Low,9411,4,Fixed Deposit
64,98340,52001,Low,7797,42,Bonds
46,104439,58649,High,14729,13,Gold
50,185929,61957,Medium,8486,98,ETFs
47,151214,36517,High,17146,106,Stocks
56,125053,14156,Medium,8771,85,ETFs
44,58355,24064,High,8144,86,Stocks
53,150938,26711,Low,9715,4,Fixed Deposit
46,135426,31106,Low,15134,82,Index Funds
55,74027,66458,High,5160,69,Stocks
50,198978,17589,High,11000,19,Gold
54,169210,8214,Medium,3275,2,Bonds
44,102601,28127,High,5681,12,Gold
50,39956,6141,High,3914,81,Stocks
21,114797,29884,Medium,2114,74,ETFs
39,134917,3708,Medium,809,98,ETFs
19,136303,19375,Medium,10735,6,Bonds
27,146511,16088,High,9203,8,Gold
22,188313,58615,Medium,13748,51,Mutual Funds
27,52533,45602,Low,7248,11,Fixed Deposit
50,169342,46046,Low,18848,63,Index Funds
55,88815,11014,Low,3729,57,Bonds
30,49279,4273,High,1923,12,Gold
48,119787,48135,Low,15986,73,Index Funds
64,164960,31881,High,6738,2,Gold
53,158702,79077,High,4751,8,Gold
62,71063,9712,Low,709,11,Fixed Deposit
41,137896,75704,Medium,8040,53,Mutual Funds
32,176216,53874,High,10448,100,Stocks
46,193233,70087,Low,3966,10,Fixed Deposit
25,192051,13297,High,471,85,Stocks
22,107661,28128,Medium,17099,84,ETFs
46,148051,69368,Medium,2353,112,ETFs
64,167261,79958,Low,5042,8,Fixed Deposit
21,183672,33920,High,12430,36,Index Funds
29,133257,12156,High,964,93,Stocks
62,96205,12108,High,1368,106,Stocks
19,16910,3800,High,1478,76,Stocks
44,198785,43712,Low,12470,14,Fixed Deposit
48,56857,3610,Medium,1233,112,ETFs
53,44964,13067,Low,2337,54,Bonds
53,166299,34872,High,4154,114,Stocks
43,147050,11728,High,1035,85,Stocks
60,27153,24745,Medium,12272,86,ETFs
44,69765,21583,High,10630,21,Gold
22,118212,8263,Low,5864,108,Index Funds
37,49071,2914,Low,425,50,Bonds
28,122990,20456,Medium,9826,94,ETFs
27,79519,66942,Low,7874,39,Bonds
57,19503,14689,Low,3961,20,Fixed Deposit
55,105457,33934,Low,2085,88,Index Funds
23,198938,34276,Low,14352,87,Index Funds
25,157977,20873,High,4703,7,Gold
40,55838,14050,Low,2878,9,Fixed Deposit
64,135200,67216,Medium,16060,1,Bonds
43,199351,22644,Medium,9562,26,Mutual Funds
63,99489,63021,Low,14266,38,Bonds
60,36806,2363,Medium,707,38,Mutual Funds
29,186072,43291,Low,7854,118,Index Funds
43,163240,36060,Medium,14346,61,ETFs
30,80119,2538,Medium,665,44,Mutual Funds
57,48714,37176,Low,17851,86,Index Funds
35,195165,42520,Low,4142,44,Bonds
42,65419,26675,High,16384,74,Stocks
50,190217,19287,Low,14489,119,Index Funds
64,115432,1174,Low,627,62,Index Funds
57,102949,35998,High,6854,6,Gold
60,143533,54312,Low,18065,17,Fixed Deposit
29,155363,13112,Low,2086,51,Bonds
61,187876,76225,High,18724,114,Stocks
53,86971,45814,Low,15570,38,Bonds
21,103471,51719,Low,6068,24,Fixed Deposit
22,74946,34919,High,7593,51,Index Funds
54,108989,74155,High,4203,10,Gold
25,94080,72569,Medium,2176,72,ETFs
59,87794,42328,Low,3094,21,Fixed Deposit
45,40841,5946,Medium,3844,70,ETFs
48,134447,25618,Medium,14566,85,ETFs
26,130029,35675,High,14623,57,Index Funds
46,189830,19919,Low,5694,39,Bonds
31,86272,5173,Low,1744,88,Index Funds
57,47643,44833,High,3244,33,Index Funds
58,191480,27400,Medium,14090,59,Mutual Funds
39,53950,51445,High,14183,18,Gold
28,197921,71305,Low,16726,56,Bonds
40,110500,38564,High,8054,92,Stocks
18,169116,46814,Low,7369,57,Bonds
63,135588,28962,Medium,7230,116,ETFs
54,25997,20356,Low,6928,96,Index Funds
38,89751,71533,Medium,8944,76,ETFs
43,108605,57184,Medium,14320,48,Mutual Funds
63,164983,11578,Low,6431,42,Bonds
53,65533,19624,Low,13497,27,Bonds
40,92566,40194,Medium,17983,74,ETFs
18,155643,1389,High,151,110,Stocks
57,118255,68391,Low,18642,52,Bonds
32,199013,14794,Medium,10264,42,Mutual Funds
38,68005,59002,Medium,10550,32,Mutual Funds
64,199784,36531,High,2135,106,Stocks
26,53541,5986,Low,3371,26,Bonds
26,33387,2481,Medium,1933,25,Mutual Funds
27,103980,57408,High,17341,75,Stocks
43,189980,70267,Medium,12282,23,Bonds
58,95457,17835,Low,398,98,Index Funds
52,154129,28798,High,1023,57,Index Funds
42,74028,65887,Medium,13431,52,Mutual Funds
43,129246,20477,High,19283,104,Stocks
28,65731,18266,Low,6678,87,Index Funds
55,165930,44526,High,4975,93,Stocks
19,189761,12889,Low,5426,31,Bonds
24,54638,25335,Medium,12354,64,ETFs
35,187558,12254,Low,6682,71,Index Funds
44,30567,22074,Medium,18286,104,ETFs
51,170811,12442,Medium,11005,33,Mutual Funds
44,67804,47289,Low,13453,85,Index Funds
34,118821,54747,Medium,15982,2,Bonds
60,13754,5559,High,2953,18,Gold
61,37044,17199,Medium,9763,47,Mutual Funds
41,77260,73827,Low,19433,33,Bonds
42,76912,1112,High,529,101,Stocks
24,18706,16924,High,2007,98,Stocks
23,18894,17523,Medium,4937,84,ETFs
41,159109,67960,Medium,13780,35,Mutual Funds
50,93986,20552,Low,17727,51,Bonds
46,91942,11808,High,5796,114,Stocks
60,192684,73525,Low,16326,118,Index Funds
39,39725,24620,Medium,13643,18,Bonds
43,146998,1887,High,427,110,Stocks
45,114555,32802,Low,1566,88,Index Funds
38,19496,17433,Low,475,72,Index Funds
24,66447,54103,Low,362,30,Bonds
34,111604,27049,Low,11680,44,Bonds
37,170878,78789,Low,10236,53,Bonds
58,98199,8846,High,7933,10,Gold
37,51321,26027,Low,1993,87,Index Funds
39,163728,47220,High,8206,52,Index Funds
45,65147,47163,Low,11926,49,Bonds
57,101396,4765,Medium,1752,11,Bonds
24,190738,46270,Medium,699,66,ETFs
18,48787,10741,Low,4915,58,Bonds
49,31727,23742,Medium,18396,90,ETFs
30,105081,23931,High,8892,36,Index Funds
47,132721,56633,Low,3737,33,Bonds
40,78056,52913,High,10455,47,Index Funds
36,144153,26991,Low,16089,13,Fixed Deposit
49,175268,55845,Medium,9390,40,Mutual Funds
47,177807,56312,High,5699,89,Stocks
46,90102,11561,Medium,6548,68,ETFs
62,166570,17901,Medium,14442,42,Mutual Funds
46,86865,63875,Low,14045,19,Fixed Deposit
47,172728,26917,High,10862,82,Stocks
33,77695,63120,Medium,14412,101,ETFs
57,178972,2988,Low,890,94,Index Funds
36,127235,15256,Low,3669,19,Fixed Deposit
35,188773,29230,Low,7807,58,Bonds
18,118777,60778,Medium,17230,23,Bonds
31,29033,14065,Low,8604,54,Bonds
64,151877,23625,High,4733,80,Stocks
19,176923,33088,High,17404,65,Stocks
45,36832,15114,Medium,9369,12,Bonds
47,125725,42167,High,13878,24,Gold
55,155016,72291,Low,7108,34,Bonds
21,29873,11825,Medium,11121,53,Mutual Funds
18,50372,23693,Low,18865,8,Fixed Deposit
25,99464,5117,Medium,3718,18,Bonds
46,156451,61710,Medium,372,57,Mutual Funds
56,127322,68054,Low,13107,112,Index Funds
20,177823,31949,High,18257,5,Gold
49,110082,23547,High,2647,26,Index Funds
27,15110,3600,Medium,784,30,Mutual Funds
27,195413,65619,Low,14514,54,Bonds
36,22087,4554,Low,721,13,Fixed Deposit
63,164834,27990,Medium,14427,83,ETFs
51,92617,17193,High,15676,29,Index Funds
50,110483,31109,Low,1046,3,Fixed Deposit
40,19596,16253,High,14793,90,Stocks
45,117539,35510,High,16990,104,Stocks
49,28313,2306,Medium,1682,58,Mutual Funds
24,123175,4849,Medium,343,76,ETFs
46,124914,13360,High,8797,2,Gold
25,33705,13768,Low,12809,75,Index Funds
18,83445,46800,Low,11450,108,Index Funds
20,113892,37963,Medium,3690,28,Mutual Funds
41,12023,6178,High,1972,82,Stocks
40,129654,52707,Low,17676,77,Index Funds
25,90073,19689,Low,17948,101,Index Funds
64,102197,30084,Medium,490,86,ETFs
54,74429,41387,High,12768,76,Stocks
20,114195,75816,Low,11669,2,Fixed Deposit
50,43848,3642,Medium,841,101,ETFs
45,178876,43137,Low,13207,7,Fixed Deposit
64,156451,56561,Low,2660,26,Bonds
25,37766,16438,Low,5967,90,Index Funds
51,78099,49442,Medium,15384,88,ETFs
52,177132,3994,High,1311,76,Stocks
49,79122,2813,Medium,1029,16,Bonds
41,157159,56276,High,1639,23,Gold
31,58868,42243,Low,17127,40,Bonds
49,129119,63912,High,8793,60,Index Funds
63,164297,61272,Low,9021,73,Index Funds
60,105286,43051,Low,17767,32,Bonds
33,16643,14318,Medium,7780,15,Bonds
21,46727,18200,Low,10410,101,Index Funds
54,152077,66618,Medium,12844,13,Bonds
38,119079,2920,High,2336,5,Gold
31,75697,3093,High,390,75,Stocks
48,26029,13905,Low,12128,74,Index Funds
35,155298,25351,Medium,17403,52,Mutual Funds
24,169803,31981,Low,12342,77,Index Funds
27,119458,74903,Medium,18823,41,Mutual Funds
24,120384,71821,Medium,14357,53,Mutual Funds
50,78926,20874,Medium,9047,110,ETFs
40,147069,51931,High,14046,50,Index Funds
38,65506,8674,Medium,6030,15,Bonds
36,88229,51516,High,5502,106,Stocks
36,190887,61686,Medium,16117,7,Bonds
53,52092,30315,High,607,40,Index Funds
46,72539,70212,High,1536,28,Index Funds
35,162889,3426,High,2675,32,Index Funds
19,178933,69498,Low,11718,99,Index Funds
18,23428,1859,Medium,658,15,Bonds
64,185006,45816,Low,16222,112,Index Funds
22,151330,5138,Medium,3202,100,ETFs
37,67775,5017,Medium,3722,85,ETFs
28,15469,11451,Low,4499,70,Index Funds
59,38854,29327,High,5137,65,Stocks
19,147328,11278,Medium,8211,4,Bonds
20,86256,44764,High,15948,11,Gold
40,175009,2134,Low,641,108,Index Funds
29,109134,63943,High,7937,26,Index Funds
37,142723,55318,Medium,1401,61,ETFs
22,191360,61128,Medium,7470,37,Mutual Funds
54,94730,22869,Medium,18639,23,Bonds
55,166123,6039,Low,792,93,Index Funds
47,37386,22281,Medium,1578,85,ETFs
26,157256,11442,Low,6496,112,Index Funds
51,43787,9252,High,8548,109,Stocks
61,31621,22425,Medium,10722,109,ETFs
52,87984,28586,Medium,16925,113,ETFs
39,186325,54053,Medium,10173,91,ETFs
61,44051,18568,High,2746,103,Stocks
41,59811,21810,Medium,5309,40,Mutual Funds
34,40447,2551,Low,1872,77,Index Funds
27,138046,13625,High,6633,23,Gold
47,171326,35397,High,7311,16,Gold
63,94045,59671,High,10027,94,Stocks
40,126859,67897,High,12027,61,Stocks
49,198490,27149,High,19129,68,Stocks
34,155544,61030,Low,9416,104,Index Funds
34,13471,5370,High,4085,80,Stocks
31,130312,6283,Medium,2754,31,Mutual Funds
26,149401,8610,High,8033,53,Index Funds
57,175937,44326,High,5576,106,Stocks
19,56850,15924,High,13953,25,Index Funds
62,64220,48607,High,8028,44,Index Funds
42,103808,77162,High,2180,12,Gold
56,147469,1869,Low,1352,90,Index Funds
26,176597,2014,Low,961,101,Index Funds
39,63072,11103,High,8446,112,Stocks
60,93820,34458,Low,19978,97,Index Funds
63,33284,26069,Medium,1004,92,ETFs
21,93369,24248,High,17753,9,Gold
43,35122,24624,Medium,16888,12,Bonds
46,140349,44516,Medium,10074,69,ETFs
62,80553,30061,High,1284,54,Index Funds
51,104788,25170,Medium,1825,116,ETFs
40,72812,9024,Medium,5911,54,Mutual Funds
54,17999,1294,Medium,586,28,Mutual Funds
28,32436,6488,High,4056,56,Index Funds
23,52963,21411,High,16655,99,Stocks
35,143168,44803,Medium,18790,69,ETFs
38,166351,20296,High,16181,98,Stocks
59,118899,19257,High,521,110,Stocks
53,36201,13855,Medium,5640,98,ETFs
58,160787,21025,High,16388,77,Stocks
55,170381,5458,Low,4775,103,Index Funds
51,156150,64610,High,9182,106,Stocks
34,197686,71843,Low,13109,109,Index Funds
54,15105,9933,Medium,6848,112,ETFs
42,127666,50831,High,6203,58,Index Funds
55,104848,44427,Medium,17957,78,ETFs
29,12839,6738,Medium,3343,75,ETFs
40,78920,6668,Medium,4578,42,Mutual Funds
59,53619,26934,Medium,18665,38,Mutual Funds
39,52821,48195,Medium,19580,68,ETFs
38,135736,74233,High,11448,53,Index Funds
44,154565,25417,Low,9882,33,Bonds
48,27069,17446,High,5982,71,Stocks
23,17531,8829,High,6082,56,Index Funds
44,178123,11751,High,5898,105,Stocks
57,148808,47218,High,9727,72,Stocks
51,148782,8352,Low,323,101,Index Funds
29,77155,29927,High,12566,51,Index Funds
62,155047,42094,Medium,9946,74,ETFs
24,72424,55122,High,12820,43,Index Funds
27,55603,30493,High,9245,15,Gold
62,164324,74539,Low,4624,38,Bonds
34,142503,32707,Low,6659,15,Fixed Deposit
43,178553,69814,Medium,7720,5,Bonds
38,102573,8296,High,2874,93,Stocks
45,150629,26398,High,3224,83,Stocks
63,113302,36842,High,8771,54,Index Funds
19,141234,14261,Medium,11806,51,Mutual Funds
60,175814,77709,Low,17837,10,Fixed Deposit
18,29675,9312,Medium,3954,12,Bonds
53,83997,57704,High,8234,118,Stocks
43,158087,68173,Low,1024,4,Fixed Deposit
46,191129,32781,Low,18654,95,Index Funds
38,173663,14652,Medium,10194,18,Bonds
28,150905,6103,Low,5558,80,Index Funds
57,17896,10116,Low,2495,104,Index Funds
28,174044,36529,High,15410,36,Index Funds
53,59733,48963,High,8326,25,Index Funds
56,51800,19452,Low,11881,87,Index Funds
57,106044,50393,Low,5615,76,Index Funds
52,15347,3668,Medium,2770,98,ETFs
51,143715,48406,Medium,3465,36,Mutual Funds
64,50785,16954,Low,688,101,Index Funds
41,28681,18186,High,11510,67,Stocks
39,191098,13356,Low,3238,9,Fixed Deposit
22,113864,3187,Low,1003,61,Index Funds
50,156964,78243,High,10461,53,Index Funds
53,57299,36098,High,8631,18,Gold
64,27073,22225,Medium,4370,43,Mutual Funds
37,112304,4606,Medium,2023,35,Mutual Funds
36,40682,33828,Medium,10006,63,ETFs
52,134302,27489,Medium,17040,119,ETFs
60,155361,15387,High,13547,98,Stocks
34,125359,70463,Low,11379,105,Index Funds
62,148999,72832,Medium,5552,78,ETFs
60,189402,3591,Medium,2156,4,Bonds
51,76707,49516,High,6577,93,Stocks
26,75428,63061,High,17500,41,Index Funds
43,60601,39889,Low,6570,45,Bonds
19,143611,67736,Low,2162,50,Bonds
26,121487,62753,High,9130,79,Stocks
26,163741,12087,Medium,9929,28,Mutual Funds
57,161716,31816,Medium,19980,42,Mutual Funds
34,159817,24408,Medium,1913,80,ETFs
18,38228,1136,Low,507,76,Index Funds
42,175593,18413,Medium,14408,116,ETFs
60,132788,60500,Medium,2413,69,ETFs
57,107239,57358,High,9806,98,Stocks
59,36928,1661,Medium,1051,106,ETFs
42,28322,3472,High,405,1,Gold
56,198786,33854,Medium,14447,39,Mutual Funds
52,97896,77240,Low,1789,96,Index Funds
20,72292,17322,Medium,4017,90,ETFs
54,39055,7968,Medium,7180,17,Bonds
61,52891,28518,High,3036,112,Stocks
61,91912,52925,High,3962,91,Stocks
47,147660,60848,High,14606,88,Stocks
55,100536,2700,Medium,233,35,Mutual Funds
51,16304,12862,Medium,9742,46,Mutual Funds
29,17345,3700,Low,3196,42,Bonds
36,170372,24199,Medium,5749,118,ETFs
54,165331,45589,Low,19745,39,Bonds
61,101006,33115,High,18303,90,Stocks
34,156424,62934,High,15774,49,Index Funds
27,139350,55316,High,17826,62,Stocks
64,174437,6520,Low,5660,38,Bonds
29,29446,12510,Medium,2326,23,Bonds
33,12336,4687,High,1179,22,Gold
41,72032,42605,Medium,14083,4,Bonds
36,107852,15955,Medium,4306,49,Mutual Funds
25,148593,45049,High,15427,59,Index Funds
48,164553,14917,Low,12855,73,Index Funds
38,28474,5757,Medium,2879,68,ETFs
34,187832,79581,High,7335,71,Stocks
40,65718,54536,Medium,17297,87,ETFs
54,54629,42680,Medium,2131,2,Bonds
33,55232,5733,Medium,422,49,Mutual Funds
23,96544,31954,Medium,9195,88,ETFs
25,60669,32135,Medium,14387,104,ETFs
42,79184,73617,Low,6011,119,Index Funds
35,189017,42458,Low,11795,95,Index Funds
42,23140,22113,High,19137,111,Stocks
29,136468,44939,Low,3440,31,Bonds
32,93457,30345,Low,7976,111,Index Funds
43,24357,14545,Low,12535,40,Bonds
58,121672,70166,Medium,1241,48,Mutual Funds
62,78673,48861,Medium,19381,51,Mutual Funds
43,131673,50298,High,9381,43,Index Funds
64,75633,48221,High,2138,98,Stocks
49,106111,45942,High,4370,55,Index Funds
27,88258,4453,Medium,1954,88,ETFs
33,153996,55935,Low,4783,49,Bonds
24,79286,44370,Low,16978,90,Index Funds
34,103269,9328,Medium,7216,80,ETFs
40,84071,16534,High,13525,57,Index Funds
43,198398,37320,High,1884,111,Stocks
38,40651,36010,High,19994,77,Stocks
39,80202,9640,Medium,3886,15,Bonds
24,58777,35716,High,9290,27,Index Funds
31,158066,31049,High,5528,68,Stocks
32,77263,6618,Medium,5233,80,ETFs
24,110158,57053,Low,12761,64,Index Funds
26,20800,2920,Medium,1551,94,ETFs
25,47823,44937,Medium,10043,108,ETFs
40,73878,70724,Medium,10572,30,Mutual Funds
46,28708,13207,Medium,4758,36,Mutual Funds
35,153891,66774,Low,11226,67,Index Funds
48,73870,33972,High,6969,86,Stocks
47,19283,11799,Medium,7707,113,ETFs
56,171645,72088,Low,7769,86,Index Funds
52,88707,29916,High,11638,114,Stocks
35,172005,71463,High,10165,114,Stocks
59,15774,12580,High,6319,119,Stocks
56,152055,77700,Medium,10271,49,Mutual Funds
34,106468,38158,Medium,17796,76,ETFs
31,106334,72696,High,3062,55,Index Funds
48,28133,22772,High,13951,85,Stocks
41,156011,59692,High,19422,56,Index Funds
52,10781,6126,High,4887,68,Stocks
61,124586,31009,High,19681,95,Stocks
62,197772,1192,High,276,44,Index Funds
51,37624,13816,Low,7304,31,Bonds
20,16823,7314,High,6653,58,Index Funds
54,28489,25826,Medium,5830,87,ETFs
60,181033,51940,Medium,14021,118,ETFs
57,39118,33130,Medium,226,53,Mutual Funds
43,110417,41142,High,5702,84,Stocks
40,91816,37468,Medium,17675,79,ETFs
61,163335,31698,Low,19123,23,Fixed Deposit
56,23565,11655,High,1466,28,Index Funds
32,161426,48897,Medium,9311,16,Bonds
